[
{"LOB": ["1086"], "BA": [".235"], "BB": ["560"], "HR": ["176"], "HBP": ["52"], "average_bat_age": ["29.2"], "PA": ["6157"], "runs_per_game": ["4.28"], "SO": ["1460"], "TB": ["2170"], "AB": ["5460"], "triples": ["50"], "runs": ["693"], "RBI": ["658"], "doubles": ["259"], "CS": ["25"], "SLG": [".397"], "OBP": [".310"], "GDP": ["110"], "hits": ["1283"], "OPS": [".707"], "SH": ["38"], "games": ["162"], "team": ["ARI"], "OPSP": ["84"], "SB": ["79"], "SF": ["45"]},
{"LOB": ["1143"], "BA": [".257"], "BB": ["511"], "HR": ["175"], "HBP": ["66"], "average_bat_age": ["27.3"], "PA": ["6251"], "runs_per_game": ["4.69"], "SO": ["1290"], "TB": ["2330"], "AB": ["5582"], "triples": ["29"], "runs": ["759"], "RBI": ["717"], "doubles": ["314"], "CS": ["36"], "SLG": [".417"], "OBP": [".324"], "GDP": ["99"], "hits": ["1433"], "OPS": [".742"], "SH": ["49"], "games": ["162"], "team": ["ATL"], "OPSP": ["99"], "SB": ["90"], "SF": ["43"]},
{"LOB": ["1027"], "BA": [".239"], "BB": ["422"], "HR": ["188"], "HBP": ["57"], "average_bat_age": ["28.4"], "PA": ["6034"], "runs_per_game": ["3.84"], "SO": ["1412"], "TB": ["2153"], "AB": ["5507"], "triples": ["15"], "runs": ["622"], "RBI": ["593"], "doubles": ["242"], "CS": ["22"], "SLG": [".391"], "OBP": [".298"], "GDP": ["132"], "hits": ["1317"], "OPS": [".689"], "SH": ["13"], "games": ["162"], "team": ["BAL"], "OPSP": ["91"], "SB": ["81"], "SF": ["35"]},
{"LOB": ["1124"], "BA": [".268"], "BB": ["569"], "HR": ["208"], "HBP": ["55"], "average_bat_age": ["27.7"], "PA": ["6302"], "runs_per_game": ["5.41"], "SO": ["1253"], "TB": ["2550"], "AB": ["5623"], "triples": ["31"], "runs": ["876"], "RBI": ["829"], "doubles": ["355"], "CS": ["31"], "SLG": [".453"], "OBP": [".339"], "GDP": ["130"], "hits": ["1509"], "OPS": [".792"], "SH": ["7"], "games": ["162"], "team": ["BOS"], "OPSP": ["112"], "SB": ["125"], "SF": ["48"]},
{"LOB": ["1224"], "BA": [".258"], "BB": ["576"], "HR": ["167"], "HBP": ["78"], "average_bat_age": ["27.2"], "PA": ["6369"], "runs_per_game": ["4.67"], "SO": ["1388"], "TB": ["2308"], "AB": ["5624"], "triples": ["34"], "runs": ["761"], "RBI": ["722"], "doubles": ["286"], "CS": ["38"], "SLG": [".410"], "OBP": [".333"], "GDP": ["107"], "hits": ["1453"], "OPS": [".744"], "SH": ["40"], "games": ["163"], "team": ["CHC"], "OPSP": ["95"], "SB": ["66"], "SF": ["46"]},
{"LOB": ["1050"], "BA": [".241"], "BB": ["425"], "HR": ["182"], "HBP": ["66"], "average_bat_age": ["26.5"], "PA": ["6071"], "runs_per_game": ["4.05"], "SO": ["1594"], "TB": ["2217"], "AB": ["5523"], "triples": ["40"], "runs": ["656"], "RBI": ["639"], "doubles": ["259"], "CS": ["41"], "SLG": [".401"], "OBP": [".302"], "GDP": ["99"], "hits": ["1332"], "OPS": [".703"], "SH": ["24"], "games": ["162"], "team": ["CHW"], "OPSP": ["93"], "SB": ["98"], "SF": ["32"]},
{"LOB": ["1179"], "BA": [".254"], "BB": ["559"], "HR": ["172"], "HBP": ["65"], "average_bat_age": ["27.2"], "PA": ["6240"], "runs_per_game": ["4.30"], "SO": ["1376"], "TB": ["2221"], "AB": ["5532"], "triples": ["25"], "runs": ["696"], "RBI": ["665"], "doubles": ["251"], "CS": ["33"], "SLG": [".401"], "OBP": [".328"], "GDP": ["128"], "hits": ["1404"], "OPS": [".729"], "SH": ["49"], "games": ["162"], "team": ["CIN"], "OPSP": ["94"], "SB": ["77"], "SF": ["35"]},
{"LOB": ["1147"], "BA": [".259"], "BB": ["554"], "HR": ["216"], "HBP": ["80"], "average_bat_age": ["29.4"], "PA": ["6300"], "runs_per_game": ["5.05"], "SO": ["1189"], "TB": ["2430"], "AB": ["5595"], "triples": ["19"], "runs": ["818"], "RBI": ["786"], "doubles": ["297"], "CS": ["36"], "SLG": [".434"], "OBP": [".332"], "GDP": ["98"], "hits": ["1447"], "OPS": [".766"], "SH": ["25"], "games": ["162"], "team": ["CLE"], "OPSP": ["105"], "SB": ["135"], "SF": ["44"]},
{"LOB": ["1067"], "BA": [".256"], "BB": ["507"], "HR": ["210"], "HBP": ["51"], "average_bat_age": ["28.7"], "PA": ["6178"], "runs_per_game": ["4.79"], "SO": ["1397"], "TB": ["2412"], "AB": ["5541"], "triples": ["42"], "runs": ["780"], "RBI": ["748"], "doubles": ["280"], "CS": ["33"], "SLG": [".435"], "OBP": [".322"], "GDP": ["114"], "hits": ["1418"], "OPS": [".757"], "SH": ["42"], "games": ["163"], "team": ["COL"], "OPSP": ["90"], "SB": ["95"], "SF": ["37"]},
{"LOB": ["1071"], "BA": [".241"], "BB": ["428"], "HR": ["135"], "HBP": ["52"], "average_bat_age": ["27.9"], "PA": ["6029"], "runs_per_game": ["3.89"], "SO": ["1341"], "TB": ["2085"], "AB": ["5494"], "triples": ["35"], "runs": ["630"], "RBI": ["597"], "doubles": ["284"], "CS": ["30"], "SLG": [".380"], "OBP": [".300"], "GDP": ["110"], "hits": ["1326"], "OPS": [".680"], "SH": ["15"], "games": ["162"], "team": ["DET"], "OPSP": ["85"], "SB": ["70"], "SF": ["40"]},
{"LOB": ["1052"], "BA": [".255"], "BB": ["565"], "HR": ["205"], "HBP": ["61"], "average_bat_age": ["28.2"], "PA": ["6146"], "runs_per_game": ["4.92"], "SO": ["1197"], "TB": ["2319"], "AB": ["5453"], "triples": ["18"], "runs": ["797"], "RBI": ["763"], "doubles": ["278"], "CS": ["26"], "SLG": [".425"], "OBP": [".329"], "GDP": ["156"], "hits": ["1390"], "OPS": [".754"], "SH": ["14"], "games": ["162"], "team": ["HOU"], "OPSP": ["109"], "SB": ["71"], "SF": ["45"]},
{"LOB": ["1063"], "BA": [".245"], "BB": ["427"], "HR": ["155"], "HBP": ["67"], "average_bat_age": ["28.6"], "PA": ["6063"], "runs_per_game": ["3.94"], "SO": ["1310"], "TB": ["2156"], "AB": ["5505"], "triples": ["29"], "runs": ["638"], "RBI": ["606"], "doubles": ["283"], "CS": ["38"], "SLG": [".392"], "OBP": [".305"], "GDP": ["123"], "hits": ["1350"], "OPS": [".697"], "SH": ["24"], "games": ["162"], "team": ["KCR"], "OPSP": ["91"], "SB": ["117"], "SF": ["40"]},
{"LOB": ["1071"], "BA": [".242"], "BB": ["514"], "HR": ["214"], "HBP": ["73"], "average_bat_age": ["29.5"], "PA": ["6108"], "runs_per_game": ["4.45"], "SO": ["1300"], "TB": ["2260"], "AB": ["5472"], "triples": ["23"], "runs": ["721"], "RBI": ["690"], "doubles": ["249"], "CS": ["22"], "SLG": [".413"], "OBP": [".313"], "GDP": ["111"], "hits": ["1323"], "OPS": [".726"], "SH": ["7"], "games": ["162"], "team": ["LAA"], "OPSP": ["100"], "SB": ["89"], "SF": ["39"]},
{"LOB": ["1163"], "BA": [".250"], "BB": ["647"], "HR": ["235"], "HBP": ["61"], "average_bat_age": ["28.1"], "PA": ["6358"], "runs_per_game": ["4.93"], "SO": ["1436"], "TB": ["2461"], "AB": ["5572"], "triples": ["33"], "runs": ["804"], "RBI": ["756"], "doubles": ["296"], "CS": ["24"], "SLG": [".442"], "OBP": [".333"], "GDP": ["119"], "hits": ["1394"], "OPS": [".774"], "SH": ["39"], "games": ["163"], "team": ["LAD"], "OPSP": ["109"], "SB": ["75"], "SF": ["39"]},
{"LOB": ["1123"], "BA": [".237"], "BB": ["455"], "HR": ["128"], "HBP": ["73"], "average_bat_age": ["27.5"], "PA": ["6083"], "runs_per_game": ["3.66"], "SO": ["1384"], "TB": ["1957"], "AB": ["5488"], "triples": ["24"], "runs": ["589"], "RBI": ["554"], "doubles": ["222"], "CS": ["31"], "SLG": [".357"], "OBP": [".303"], "GDP": ["119"], "hits": ["1303"], "OPS": [".659"], "SH": ["32"], "games": ["161"], "team": ["MIA"], "OPSP": ["87"], "SB": ["45"], "SF": ["31"]},
{"LOB": ["1106"], "BA": [".252"], "BB": ["537"], "HR": ["218"], "HBP": ["58"], "average_bat_age": ["28.8"], "PA": ["6210"], "runs_per_game": ["4.63"], "SO": ["1458"], "TB": ["2352"], "AB": ["5542"], "triples": ["24"], "runs": ["754"], "RBI": ["711"], "doubles": ["252"], "CS": ["32"], "SLG": [".424"], "OBP": [".323"], "GDP": ["128"], "hits": ["1398"], "OPS": [".747"], "SH": ["29"], "games": ["163"], "team": ["MIL"], "OPSP": ["99"], "SB": ["124"], "SF": ["41"]},
{"LOB": ["1087"], "BA": [".250"], "BB": ["534"], "HR": ["166"], "HBP": ["37"], "average_bat_age": ["28.2"], "PA": ["6154"], "runs_per_game": ["4.56"], "SO": ["1328"], "TB": ["2238"], "AB": ["5526"], "triples": ["22"], "runs": ["738"], "RBI": ["704"], "doubles": ["317"], "CS": ["27"], "SLG": [".405"], "OBP": [".318"], "GDP": ["89"], "hits": ["1379"], "OPS": [".723"], "SH": ["19"], "games": ["162"], "team": ["MIN"], "OPSP": ["95"], "SB": ["47"], "SF": ["38"]},
{"LOB": ["1104"], "BA": [".234"], "BB": ["566"], "HR": ["170"], "HBP": ["73"], "average_bat_age": ["28.3"], "PA": ["6177"], "runs_per_game": ["4.17"], "SO": ["1404"], "TB": ["2125"], "AB": ["5468"], "triples": ["34"], "runs": ["676"], "RBI": ["649"], "doubles": ["265"], "CS": ["39"], "SLG": [".389"], "OBP": [".312"], "GDP": ["116"], "hits": ["1282"], "OPS": [".701"], "SH": ["28"], "games": ["162"], "team": ["NYM"], "OPSP": ["97"], "SB": ["71"], "SF": ["42"]},
{"LOB": ["1100"], "BA": [".249"], "BB": ["625"], "HR": ["267"], "HBP": ["62"], "average_bat_age": ["27.2"], "PA": ["6271"], "runs_per_game": ["5.25"], "SO": ["1421"], "TB": ["2490"], "AB": ["5515"], "triples": ["23"], "runs": ["851"], "RBI": ["821"], "doubles": ["269"], "CS": ["21"], "SLG": [".451"], "OBP": [".329"], "GDP": ["107"], "hits": ["1374"], "OPS": [".781"], "SH": ["10"], "games": ["162"], "team": ["NYY"], "OPSP": ["108"], "SB": ["63"], "SF": ["59"]},
{"LOB": ["1085"], "BA": [".252"], "BB": ["550"], "HR": ["227"], "HBP": ["76"], "average_bat_age": ["28.0"], "PA": ["6255"], "runs_per_game": ["5.02"], "SO": ["1381"], "TB": ["2450"], "AB": ["5579"], "triples": ["20"], "runs": ["813"], "RBI": ["778"], "doubles": ["322"], "CS": ["21"], "SLG": [".439"], "OBP": [".325"], "GDP": ["136"], "hits": ["1407"], "OPS": [".764"], "SH": ["6"], "games": ["162"], "team": ["OAK"], "OPSP": ["109"], "SB": ["35"], "SF": ["44"]},
{"LOB": ["1120"], "BA": [".234"], "BB": ["582"], "HR": ["186"], "HBP": ["64"], "average_bat_age": ["26.7"], "PA": ["6136"], "runs_per_game": ["4.18"], "SO": ["1520"], "TB": ["2129"], "AB": ["5424"], "triples": ["30"], "runs": ["677"], "RBI": ["653"], "doubles": ["241"], "CS": ["26"], "SLG": [".393"], "OBP": [".314"], "GDP": ["102"], "hits": ["1270"], "OPS": [".707"], "SH": ["32"], "games": ["162"], "team": ["PHI"], "OPSP": ["89"], "SB": ["69"], "SF": ["32"]},
{"LOB": ["1071"], "BA": [".254"], "BB": ["474"], "HR": ["157"], "HBP": ["59"], "average_bat_age": ["27.8"], "PA": ["6066"], "runs_per_game": ["4.30"], "SO": ["1229"], "TB": ["2218"], "AB": ["5447"], "triples": ["38"], "runs": ["692"], "RBI": ["665"], "doubles": ["290"], "CS": ["38"], "SLG": [".407"], "OBP": [".317"], "GDP": ["121"], "hits": ["1381"], "OPS": [".725"], "SH": ["31"], "games": ["161"], "team": ["PIT"], "OPSP": ["98"], "SB": ["70"], "SF": ["52"]},
{"LOB": ["1028"], "BA": [".235"], "BB": ["471"], "HR": ["162"], "HBP": ["31"], "average_bat_age": ["26.8"], "PA": ["6059"], "runs_per_game": ["3.81"], "SO": ["1523"], "TB": ["2085"], "AB": ["5486"], "triples": ["30"], "runs": ["617"], "RBI": ["583"], "doubles": ["250"], "CS": ["36"], "SLG": [".380"], "OBP": [".297"], "GDP": ["122"], "hits": ["1289"], "OPS": [".677"], "SH": ["35"], "games": ["162"], "team": ["SDP"], "OPSP": ["87"], "SB": ["95"], "SF": ["36"]},
{"LOB": ["1084"], "BA": [".254"], "BB": ["430"], "HR": ["176"], "HBP": ["70"], "average_bat_age": ["29.8"], "PA": ["6087"], "runs_per_game": ["4.18"], "SO": ["1221"], "TB": ["2250"], "AB": ["5513"], "triples": ["32"], "runs": ["677"], "RBI": ["644"], "doubles": ["256"], "CS": ["37"], "SLG": [".408"], "OBP": [".314"], "GDP": ["128"], "hits": ["1402"], "OPS": [".722"], "SH": ["29"], "games": ["162"], "team": ["SEA"], "OPSP": ["102"], "SB": ["79"], "SF": ["41"]},
{"LOB": ["1101"], "BA": [".239"], "BB": ["448"], "HR": ["133"], "HBP": ["49"], "average_bat_age": ["29.8"], "PA": ["6113"], "runs_per_game": ["3.72"], "SO": ["1467"], "TB": ["2038"], "AB": ["5541"], "triples": ["30"], "runs": ["603"], "RBI": ["573"], "doubles": ["255"], "CS": ["34"], "SLG": [".368"], "OBP": [".300"], "GDP": ["113"], "hits": ["1324"], "OPS": [".667"], "SH": ["33"], "games": ["162"], "team": ["SFG"], "OPSP": ["84"], "SB": ["77"], "SF": ["42"]},
{"LOB": ["1101"], "BA": [".249"], "BB": ["525"], "HR": ["205"], "HBP": ["80"], "average_bat_age": ["28.0"], "PA": ["6200"], "runs_per_game": ["4.69"], "SO": ["1380"], "TB": ["2250"], "AB": ["5498"], "triples": ["9"], "runs": ["759"], "RBI": ["725"], "doubles": ["248"], "CS": ["32"], "SLG": [".409"], "OBP": [".321"], "GDP": ["92"], "hits": ["1369"], "OPS": [".730"], "SH": ["46"], "games": ["162"], "team": ["STL"], "OPSP": ["99"], "SB": ["63"], "SF": ["48"]},
{"LOB": ["1156"], "BA": [".258"], "BB": ["540"], "HR": ["150"], "HBP": ["101"], "average_bat_age": ["27.1"], "PA": ["6195"], "runs_per_game": ["4.42"], "SO": ["1388"], "TB": ["2225"], "AB": ["5475"], "triples": ["43"], "runs": ["716"], "RBI": ["664"], "doubles": ["274"], "CS": ["51"], "SLG": [".406"], "OBP": [".333"], "GDP": ["122"], "hits": ["1415"], "OPS": [".740"], "SH": ["28"], "games": ["162"], "team": ["TBR"], "OPSP": ["105"], "SB": ["128"], "SF": ["50"]},
{"LOB": ["1093"], "BA": [".240"], "BB": ["555"], "HR": ["194"], "HBP": ["88"], "average_bat_age": ["27.4"], "PA": ["6163"], "runs_per_game": ["4.55"], "SO": ["1484"], "TB": ["2204"], "AB": ["5453"], "triples": ["24"], "runs": ["737"], "RBI": ["696"], "doubles": ["266"], "CS": ["35"], "SLG": [".404"], "OBP": [".318"], "GDP": ["104"], "hits": ["1308"], "OPS": [".722"], "SH": ["33"], "games": ["162"], "team": ["TEX"], "OPSP": ["88"], "SB": ["74"], "SF": ["34"]},
{"LOB": ["1036"], "BA": [".244"], "BB": ["499"], "HR": ["217"], "HBP": ["58"], "average_bat_age": ["28.9"], "PA": ["6076"], "runs_per_game": ["4.38"], "SO": ["1387"], "TB": ["2339"], "AB": ["5477"], "triples": ["16"], "runs": ["709"], "RBI": ["680"], "doubles": ["320"], "CS": ["30"], "SLG": [".427"], "OBP": [".312"], "GDP": ["118"], "hits": ["1336"], "OPS": [".739"], "SH": ["5"], "games": ["162"], "team": ["TOR"], "OPSP": ["103"], "SB": ["47"], "SF": ["37"]},
{"LOB": ["1180"], "BA": [".254"], "BB": ["631"], "HR": ["191"], "HBP": ["59"], "average_bat_age": ["27.6"], "PA": ["6288"], "runs_per_game": ["4.76"], "SO": ["1289"], "TB": ["2309"], "AB": ["5517"], "triples": ["25"], "runs": ["771"], "RBI": ["737"], "doubles": ["284"], "CS": ["33"], "SLG": [".419"], "OBP": [".335"], "GDP": ["104"], "hits": ["1402"], "OPS": [".753"], "SH": ["41"], "games": ["162"], "team": ["WSN"], "OPSP": ["98"], "SB": ["119"], "SF": ["40"]},
{"LOB": [], "BA": [], "BB": [], "HR": [], "HBP": [], "average_bat_age": [], "PA": [], "runs_per_game": [], "SO": [], "TB": [], "AB": [], "triples": [], "runs": [], "RBI": [], "doubles": [], "CS": [], "SLG": [], "OBP": [], "GDP": [], "hits": [], "OPS": [], "SH": [], "games": [], "team": [], "OPSP": [], "SB": [], "SF": []}
]
